epoch,train_loss,train_accuracy,test_accuracy,test_class_avg_iou,test_instance_avg_iou,learning_rate,epoch_time_seconds
1,1.659231,0.720703,0.840412,0.702916,0.702916,0.001,16.63
2,0.532866,0.860373,0.872588,0.742225,0.742225,0.001,16.22
3,0.410867,0.870515,0.873979,0.762978,0.762978,0.001,16.19
4,0.378223,0.879775,0.887781,0.764008,0.764008,0.001,16.19
5,0.361722,0.880182,0.870291,0.764001,0.764001,0.001,16.18
6,0.328378,0.886753,0.896326,0.788103,0.788103,0.001,16.18
7,0.327288,0.889865,0.893362,0.794381,0.794381,0.001,16.2
8,0.311186,0.893508,0.891668,0.798706,0.798706,0.001,16.18
9,0.321529,0.88876,0.894376,0.799654,0.799654,0.001,16.19
10,0.308387,0.893437,0.895093,0.796273,0.796273,0.001,16.18
11,0.299168,0.894198,0.881973,0.771951,0.771951,0.001,16.19
12,0.274121,0.905033,0.898338,0.806374,0.806374,0.001,16.18
13,0.321594,0.889981,0.896703,0.804422,0.804422,0.001,16.18
14,0.318583,0.887928,0.860358,0.773608,0.773608,0.001,16.18
15,0.282608,0.899736,0.901917,0.803035,0.803035,0.001,16.19
16,0.276136,0.906041,0.896903,0.786978,0.786978,0.001,16.18
17,0.265667,0.906846,0.891673,0.774912,0.774912,0.001,16.18
18,0.279751,0.89973,0.903317,0.78239,0.78239,0.001,16.18
19,0.253387,0.90961,0.883262,0.795886,0.795886,0.001,16.19
20,0.24891,0.911313,0.904509,0.822545,0.822545,0.001,16.18
21,0.234446,0.917013,0.910588,0.828476,0.828476,0.0005,16.18
22,0.213025,0.923039,0.906988,0.807957,0.807957,0.0005,16.18
23,0.221001,0.922712,0.90521,0.828688,0.828688,0.0005,16.19
24,0.210623,0.923932,0.903684,0.806924,0.806924,0.0005,16.17
25,0.222481,0.919036,0.909728,0.811187,0.811187,0.0005,16.17
26,0.211979,0.924192,0.914243,0.827954,0.827954,0.0005,16.18
27,0.194969,0.930435,0.910006,0.823128,0.823128,0.0005,16.18
28,0.20723,0.927807,0.907583,0.819622,0.819622,0.0005,16.18
29,0.199211,0.930473,0.908464,0.832823,0.832823,0.0005,16.18
30,0.196548,0.929045,0.907235,0.831194,0.831194,0.0005,16.18
31,0.201202,0.925215,0.912997,0.835087,0.835087,0.0005,16.18
32,0.185955,0.931945,0.905396,0.800722,0.800722,0.0005,16.18
33,0.200728,0.92985,0.885141,0.805294,0.805294,0.0005,16.18
34,0.200951,0.927493,0.906419,0.828857,0.828857,0.0005,16.18
35,0.193747,0.929174,0.904672,0.821209,0.821209,0.0005,16.18
36,0.209187,0.925416,0.903715,0.816281,0.816281,0.0005,16.17
37,0.194188,0.929565,0.911029,0.819927,0.819927,0.0005,16.18
38,0.184891,0.935723,0.892843,0.811712,0.811712,0.0005,16.18
39,0.181476,0.933955,0.91473,0.838297,0.838297,0.0005,16.19
40,0.180748,0.93278,0.912523,0.813025,0.813025,0.0005,16.18
41,0.173585,0.936898,0.913508,0.83238,0.83238,0.00025,16.19
42,0.162138,0.939738,0.912733,0.824433,0.824433,0.00025,16.18
43,0.159209,0.941393,0.911071,0.829778,0.829778,0.00025,16.19
44,0.157938,0.941492,0.908471,0.822264,0.822264,0.00025,16.18
45,0.152615,0.944639,0.912464,0.821742,0.821742,0.00025,16.19
46,0.15245,0.944013,0.91206,0.833676,0.833676,0.00025,16.19
47,0.14563,0.94545,0.898764,0.810378,0.810378,0.00025,16.19
48,0.157581,0.941688,0.900761,0.819972,0.819972,0.00025,16.18
49,0.148978,0.944583,0.912113,0.826181,0.826181,0.00025,16.18
50,0.141965,0.947125,0.91117,0.827959,0.827959,0.00025,16.18
51,0.150552,0.944779,0.90806,0.821104,0.821104,0.00025,16.27
52,0.144639,0.94608,0.893918,0.823848,0.823848,0.00025,16.18
53,0.152204,0.944681,0.903776,0.817785,0.817785,0.00025,16.18
54,0.148813,0.946067,0.911968,0.829089,0.829089,0.00025,16.18
55,0.146392,0.944825,0.911264,0.822096,0.822096,0.00025,16.19
56,0.144263,0.946474,0.908266,0.818631,0.818631,0.00025,16.18
57,0.139379,0.948498,0.910585,0.831774,0.831774,0.00025,16.19
58,0.137857,0.94972,0.90667,0.829618,0.829618,0.00025,16.18
59,0.142688,0.947006,0.90753,0.819114,0.819114,0.00025,16.19
60,0.133782,0.951069,0.910428,0.831823,0.831823,0.00025,16.18
61,0.124931,0.954264,0.907491,0.826395,0.826395,0.000125,16.18
62,0.124588,0.953879,0.904906,0.828673,0.828673,0.000125,16.18
63,0.124035,0.954333,0.908311,0.824044,0.824044,0.000125,16.18
64,0.123839,0.953695,0.907163,0.832504,0.832504,0.000125,16.18
65,0.114088,0.957383,0.906016,0.825297,0.825297,0.000125,16.18
66,0.112855,0.958058,0.909163,0.828673,0.828673,0.000125,16.18
67,0.116451,0.956309,0.908265,0.829884,0.829884,0.000125,16.19
68,0.126065,0.953572,0.909496,0.828699,0.828699,0.000125,16.18
69,0.117337,0.955687,0.904054,0.818945,0.818945,0.000125,16.19
70,0.114818,0.956084,0.905028,0.824002,0.824002,0.000125,16.25
71,0.113504,0.957251,0.905622,0.82761,0.82761,0.000125,16.19
72,0.112061,0.957839,0.911758,0.828003,0.828003,0.000125,16.18
73,0.114563,0.956751,0.912466,0.829232,0.829232,0.000125,16.18
74,0.111369,0.958345,0.909717,0.830537,0.830537,0.000125,16.19
75,0.113116,0.956865,0.902325,0.825739,0.825739,0.000125,16.19
76,0.107429,0.959316,0.909077,0.82508,0.82508,0.000125,16.18
77,0.106708,0.961115,0.903756,0.818464,0.818464,0.000125,16.18
78,0.103947,0.96047,0.906825,0.826874,0.826874,0.000125,16.19
79,0.10945,0.958891,0.911211,0.828288,0.828288,0.000125,16.19
80,0.109558,0.959059,0.910759,0.828219,0.828219,0.000125,16.18
81,0.106989,0.959851,0.910074,0.828273,0.828273,6.25e-05,16.18
82,0.099828,0.963449,0.90968,0.832728,0.832728,6.25e-05,16.18
83,0.096189,0.964085,0.912295,0.829233,0.829233,6.25e-05,16.19
84,0.102743,0.961165,0.909789,0.829312,0.829312,6.25e-05,16.18
85,0.098889,0.962465,0.912343,0.832989,0.832989,6.25e-05,16.19
86,0.096687,0.964418,0.908572,0.820351,0.820351,6.25e-05,16.19
87,0.099496,0.963432,0.910303,0.827393,0.827393,6.25e-05,16.19
88,0.096971,0.964084,0.90997,0.827345,0.827345,6.25e-05,16.18
89,0.097955,0.963697,0.908924,0.823607,0.823607,6.25e-05,16.18
90,0.095738,0.964886,0.908818,0.82583,0.82583,6.25e-05,16.18
91,0.100729,0.961302,0.909839,0.823727,0.823727,6.25e-05,16.19
92,0.095827,0.96392,0.911208,0.830647,0.830647,6.25e-05,16.18
93,0.095404,0.964753,0.910165,0.827298,0.827298,6.25e-05,16.19
94,0.095168,0.963786,0.909711,0.825567,0.825567,6.25e-05,16.18
95,0.091029,0.966677,0.910721,0.82733,0.82733,6.25e-05,16.19
96,0.096125,0.964404,0.911129,0.833289,0.833289,6.25e-05,16.19
97,0.092161,0.965486,0.906318,0.821016,0.821016,6.25e-05,16.19
98,0.091917,0.965829,0.908135,0.82112,0.82112,6.25e-05,16.18
99,0.090295,0.965967,0.903885,0.817454,0.817454,6.25e-05,16.18
100,0.092007,0.965126,0.903255,0.815549,0.815549,6.25e-05,16.18
