epoch, train_loss, train_accuracy, test_accuracy, test_class_avg_iou, test_instance_avg_iou, learning_rate, epoch_time_seconds
    1,   0.720379,       0.813484,      0.854347,           0.465841,              0.649912, 0.001        ,              53.43
    2,   0.341293,       0.878768,      0.866105,           0.530883,              0.664399, 0.001        ,              53.07
    3,   0.292624,       0.890855,      0.876977,           0.591736,              0.686369, 0.001        ,              53.22
    4,   0.262951,       0.899047,      0.874095,           0.551922,              0.704615, 0.001        ,              53.03
    5,   0.252149,       0.902145,      0.888773,           0.65013 ,              0.752027, 0.001        ,              53.06
    6,   0.242995,       0.905149,      0.881539,           0.630749,              0.727937, 0.001        ,              53.01
    7,   0.236087,       0.907687,      0.893265,           0.613693,              0.753267, 0.001        ,              53.04
    8,   0.233173,       0.908923,      0.889138,           0.643761,              0.7521  , 0.001        ,              53.06
    9,   0.230177,       0.909367,      0.888383,           0.675323,              0.766175, 0.001        ,              53.27
   10,   0.229085,       0.910459,      0.896847,           0.670996,              0.760215, 0.001        ,              53.15
   11,   0.223464,       0.911588,      0.898184,           0.687066,              0.750565, 0.001        ,              53.14
   12,   0.22262 ,       0.912608,      0.896026,           0.662333,              0.763082, 0.001        ,              53.17
   13,   0.21904 ,       0.913953,      0.896281,           0.675874,              0.758197, 0.001        ,              53.15
   14,   0.216857,       0.914717,      0.891884,           0.658945,              0.749964, 0.001        ,              53.21
   15,   0.214319,       0.915714,      0.8944  ,           0.689846,              0.766587, 0.001        ,              53.26
   16,   0.216559,       0.914539,      0.8992  ,           0.691387,              0.760384, 0.001        ,              53.18
   17,   0.214507,       0.915614,      0.899662,           0.700913,              0.775318, 0.001        ,              53.38
   18,   0.213278,       0.915721,      0.886833,           0.65511 ,              0.749868, 0.001        ,              53.06
   19,   0.211484,       0.916654,      0.895695,           0.66923 ,              0.763141, 0.001        ,              53.11
   20,   0.21962 ,       0.914476,      0.900636,           0.694841,              0.778246, 0.001        ,              53.1
   21,   0.201225,       0.920622,      0.90618 ,           0.714228,              0.784657, 0.0005       ,              53.22
   22,   0.196998,       0.922327,      0.904264,           0.703188,              0.783316, 0.0005       ,              53.06
   23,   0.195747,       0.922975,      0.905773,           0.725982,              0.791111, 0.0005       ,              53.12
   24,   0.195857,       0.922788,      0.905882,           0.713075,              0.790272, 0.0005       ,              53.04
   25,   0.194412,       0.923239,      0.902465,           0.712079,              0.780398, 0.0005       ,              53.44
   26,   0.1936  ,       0.923588,      0.900005,           0.711066,              0.781927, 0.0005       ,              53.07
   27,   0.193219,       0.92351 ,      0.898005,           0.704273,              0.773791, 0.0005       ,              53.23
   28,   0.192877,       0.923842,      0.898636,           0.718241,              0.775555, 0.0005       ,              53.35
   29,   0.192159,       0.924125,      0.896974,           0.701608,              0.782356, 0.0005       ,              53.02
   30,   0.193182,       0.923642,      0.903314,           0.707214,              0.774203, 0.0005       ,              53.18
   31,   0.190952,       0.924495,      0.89939 ,           0.700243,              0.776081, 0.0005       ,              53.19
   32,   0.19162 ,       0.923977,      0.901726,           0.706658,              0.779264, 0.0005       ,              53.24
   33,   0.189782,       0.925161,      0.904147,           0.715728,              0.786733, 0.0005       ,              53.08
   34,   0.189272,       0.925086,      0.89547 ,           0.714997,              0.780784, 0.0005       ,              53.04
   35,   0.189553,       0.925325,      0.902943,           0.702315,              0.783682, 0.0005       ,              53.38
   36,   0.187646,       0.925966,      0.906801,           0.71077 ,              0.792408, 0.0005       ,              53.23
   37,   0.18797 ,       0.925362,      0.905197,           0.713801,              0.786063, 0.0005       ,              53.38
   38,   0.18622 ,       0.926255,      0.896777,           0.696978,              0.774773, 0.0005       ,              53.24
   39,   0.186645,       0.925887,      0.903389,           0.719268,              0.785674, 0.0005       ,              53.21
   40,   0.184448,       0.926758,      0.901188,           0.703838,              0.77777 , 0.0005       ,              53.37
   41,   0.177639,       0.929316,      0.907009,           0.729578,              0.798534, 0.00025      ,              53.1
   42,   0.17669 ,       0.929969,      0.909333,           0.724636,              0.794381, 0.00025      ,              53.08
   43,   0.173952,       0.930853,      0.903917,           0.720072,              0.79064 , 0.00025      ,              53.22
   44,   0.173764,       0.930918,      0.908456,           0.725225,              0.796814, 0.00025      ,              53.09
   45,   0.173481,       0.931184,      0.909822,           0.735609,              0.798642, 0.00025      ,              53.18
   46,   0.173742,       0.930806,      0.911192,           0.727774,              0.799432, 0.00025      ,              53.36
   47,   0.172859,       0.931177,      0.908419,           0.726764,              0.795399, 0.00025      ,              53.16
   48,   0.172331,       0.931359,      0.902764,           0.727915,              0.793463, 0.00025      ,              53.17
   49,   0.171098,       0.931586,      0.909619,           0.730428,              0.797262, 0.00025      ,              53.02
   50,   0.171164,       0.932056,      0.907992,           0.720928,              0.792645, 0.00025      ,              53.05
   51,   0.170782,       0.931716,      0.907815,           0.720761,              0.792566, 0.00025      ,              53.03
   52,   0.170546,       0.931886,      0.905181,           0.720448,              0.788165, 0.00025      ,              53.08
   53,   0.169374,       0.932548,      0.909018,           0.728695,              0.7966  , 0.00025      ,              53.11
   54,   0.168528,       0.93278 ,      0.907944,           0.725933,              0.795678, 0.00025      ,              53.37
   55,   0.169094,       0.932424,      0.905485,           0.723494,              0.786433, 0.00025      ,              53.19
   56,   0.168153,       0.932722,      0.905495,           0.718919,              0.783973, 0.00025      ,              53.19
   57,   0.167267,       0.933033,      0.899784,           0.715903,              0.787707, 0.00025      ,              53.23
   58,   0.16663 ,       0.933384,      0.907802,           0.726023,              0.788513, 0.00025      ,              53.11
   59,   0.167902,       0.932798,      0.907229,           0.720363,              0.788173, 0.00025      ,              53.06
   60,   0.166753,       0.933534,      0.908694,           0.727254,              0.789068, 0.00025      ,              53.17
   61,   0.162165,       0.934943,      0.911637,           0.733846,              0.80114 , 0.000125     ,              53.22
   62,   0.16064 ,       0.935801,      0.908446,           0.731456,              0.798285, 0.000125     ,              53.22
   63,   0.159765,       0.935956,      0.910874,           0.732915,              0.797023, 0.000125     ,              53.26
   64,   0.158683,       0.936344,      0.912144,           0.739793,              0.795871, 0.000125     ,              53.12
   65,   0.158364,       0.936444,      0.910622,           0.732204,              0.79395 , 0.000125     ,              53.28
   66,   0.158254,       0.936359,      0.908296,           0.726103,              0.794052, 0.000125     ,              53.14
   67,   0.158233,       0.936458,      0.909243,           0.728317,              0.794693, 0.000125     ,              53.22
   68,   0.157778,       0.936452,      0.909784,           0.729735,              0.792436, 0.000125     ,              53.14
   69,   0.157578,       0.936793,      0.907142,           0.724939,              0.789886, 0.000125     ,              53.06
   70,   0.156694,       0.937037,      0.909099,           0.735472,              0.798054, 0.000125     ,              53.04
   71,   0.156926,       0.936906,      0.91058 ,           0.734897,              0.790342, 0.000125     ,              53.4
   72,   0.156002,       0.93719 ,      0.910965,           0.73771 ,              0.798156, 0.000125     ,              53.13
   73,   0.15603 ,       0.93725 ,      0.912108,           0.741278,              0.801076, 0.000125     ,              53.18
   74,   0.15494 ,       0.937568,      0.909347,           0.739739,              0.795862, 0.000125     ,              53.05
   75,   0.155512,       0.937537,      0.909175,           0.730711,              0.794901, 0.000125     ,              53.12
   76,   0.154984,       0.937423,      0.91089 ,           0.739234,              0.798403, 0.000125     ,              53.4
   77,   0.154349,       0.937735,      0.90998 ,           0.737303,              0.79653 , 0.000125     ,              53.23
   78,   0.154836,       0.937585,      0.905928,           0.739197,              0.794373, 0.000125     ,              53.05
   79,   0.154337,       0.937851,      0.910327,           0.741544,              0.799491, 0.000125     ,              53.18
   80,   0.153965,       0.937923,      0.911186,           0.734325,              0.797685, 0.000125     ,              53.06
   81,   0.151193,       0.939041,      0.911625,           0.735101,              0.798161, 6.25e-05     ,              53.09
   82,   0.149918,       0.939369,      0.912409,           0.7427  ,              0.801582, 6.25e-05     ,              53.41
   83,   0.149957,       0.939195,      0.910953,           0.735798,              0.797301, 6.25e-05     ,              53.12
   84,   0.149434,       0.939454,      0.913149,           0.742253,              0.804358, 6.25e-05     ,              53.35
   85,   0.14922 ,       0.939704,      0.911026,           0.740085,              0.799474, 6.25e-05     ,              53.02
   86,   0.149377,       0.939632,      0.911592,           0.744256,              0.802079, 6.25e-05     ,              53.17
   87,   0.148971,       0.939937,      0.912661,           0.73793 ,              0.80179 , 6.25e-05     ,              53.35
   88,   0.148076,       0.939956,      0.911854,           0.743965,              0.801766, 6.25e-05     ,              52.97
   89,   0.148417,       0.939944,      0.913515,           0.739441,              0.802071, 6.25e-05     ,              53.23
   90,   0.148313,       0.940097,      0.912978,           0.737602,              0.798058, 6.25e-05     ,              53.09
   91,   0.148292,       0.939931,      0.912167,           0.742908,              0.798489, 6.25e-05     ,              53.13
   92,   0.148242,       0.940172,      0.909397,           0.731492,              0.798464, 6.25e-05     ,              53.13
   93,   0.146711,       0.940677,      0.912354,           0.735343,              0.800198, 6.25e-05     ,              53.16
   94,   0.147274,       0.940543,      0.912663,           0.739115,              0.80098 , 6.25e-05     ,              53.02
   95,   0.147276,       0.940538,      0.913053,           0.736806,              0.801574, 6.25e-05     ,              53.07
   96,   0.146308,       0.94073 ,      0.911658,           0.73217 ,              0.800744, 6.25e-05     ,              53.15
   97,   0.14703 ,       0.940316,      0.911383,           0.732581,              0.796391, 6.25e-05     ,              53.27
   98,   0.146534,       0.940636,      0.912142,           0.732945,              0.802919, 6.25e-05     ,              53.13
   99,   0.146039,       0.940788,      0.912084,           0.742671,              0.799398, 6.25e-05     ,              53.14
  100,   0.146401,       0.940637,      0.909719,           0.740039,              0.79662 , 6.25e-05     ,              53.24
